# x_m,y_m,w_tr_right_m,w_tr_left_m
-0.320123,0.543857,5.739,5.932
0.168262,3.0310955,5.735,5.929
0.656139,5.5183235,5.731,5.926
1.143549,8.005541,5.727,5.923
1.630535,10.4927465,5.723,5.920
2.117138,12.9799405,5.719,5.917
2.603399,15.4671215,5.715,5.914
3.089362,17.9542895,5.711,5.911
3.575067,20.4414435,5.707,5.908
4.060557,22.928583,5.703,5.905
4.545874,25.415708,5.700,5.902
5.031058,27.9028175,5.696,5.899
5.516153,30.389911,5.692,5.896
6.0012,32.8769875,5.688,5.893
6.486241,35.364047,5.684,5.890
6.971318,37.8510885,5.680,5.887
7.456472,40.338112,5.676,5.884
7.941746,42.8251165,5.672,5.881
8.427182,45.312101,5.668,5.878
8.912821,47.799066,5.664,5.875
9.398704,50.28601,5.660,5.872
9.884875,52.7729325,5.656,5.869
10.371375,55.2598335,5.652,5.866
10.858245,57.746712,5.648,5.863
11.345529,60.2335675,5.644,5.860
11.833266,62.7203995,5.640,5.858
12.3215,65.207207,5.636,5.855
12.810272,67.6939905,5.632,5.852
13.299624,70.180748,5.628,5.849
13.789598,72.66748,5.624,5.846
14.280236,75.1541855,5.620,5.843
14.77158,77.640864,5.616,5.840
15.263671,80.1275145,5.612,5.837
15.756551,82.6141375,5.608,5.834
16.250263,85.1007315,5.604,5.831
16.744848,87.587296,5.600,5.828
17.240348,90.0738305,5.597,5.825
17.7368,92.560335,5.593,5.822
18.234175,95.0468105,5.589,5.819
18.732387,97.5332605,5.585,5.816
19.231352,100.019688,5.581,5.813
19.730983,102.5060965,5.577,5.810
20.231195,104.9924895,5.573,5.807
20.731903,107.47887,5.569,5.804
21.23302,109.9652415,5.565,5.801
21.734462,112.451607,5.561,5.798
22.236141,114.9379695,5.557,5.795
22.737974,117.4243325,5.553,5.792
23.239874,119.9106995,5.549,5.789
23.741756,122.397074,5.545,5.786
24.243534,124.8834585,5.541,5.783
24.745122,127.3698565,5.537,5.780
25.246434,129.8562715,5.533,5.777
25.747386,132.342707,5.529,5.774
26.247892,134.8291655,5.525,5.771
26.747865,137.315651,5.521,5.768
27.24722,139.802166,5.517,5.765
27.745872,142.2887145,5.513,5.762
28.243735,144.7752995,5.509,5.759
28.740723,147.261924,5.505,5.756
29.236751,149.748592,5.501,5.753
29.731734,152.235306,5.497,5.750
30.225584,154.7220695,5.495,5.746
30.718218,157.208886,5.514,5.726
31.209548,159.695758,5.534,5.706
31.699491,162.18269,5.553,5.686
32.187959,164.669684,5.572,5.666
32.674867,167.1567445,5.592,5.646
33.160131,169.6438735,5.611,5.626
33.643663,172.131075,5.631,5.606
34.125379,174.6183525,5.650,5.586
34.605192,177.1057085,5.669,5.566
35.083018,179.593147,5.689,5.545
35.558774,182.080671,5.708,5.525
36.032446,184.5682805,5.728,5.505
36.504069,187.0559745,5.747,5.485
36.973682,189.543752,5.745,5.468
37.441326,192.0316115,5.728,5.454
37.907038,194.519551,5.712,5.440
38.370856,197.00757,5.695,5.425
38.832821,199.4956665,5.679,5.411
39.292971,201.9838395,5.662,5.396
39.751344,204.472087,5.646,5.382
40.207979,206.9604085,5.630,5.367
40.662916,209.4488015,5.613,5.353
41.116192,211.937266,5.597,5.338
41.567847,214.4257995,5.580,5.324
42.01792,216.914401,5.564,5.309
42.466449,219.403069,5.547,5.295
42.913473,221.8918025,5.531,5.280
43.359032,224.3805995,5.514,5.266
43.803162,226.869459,5.498,5.251
44.245905,229.3583795,5.482,5.237
44.687298,231.84736,5.465,5.222
45.127379,234.3363985,5.449,5.208
45.566189,236.825494,5.432,5.193
46.003766,239.314645,5.416,5.179
46.440148,241.80385,5.399,5.164
46.875374,244.293108,5.383,5.150
47.309484,246.782417,5.359,5.137
47.742515,249.2717765,5.317,5.130
48.174507,251.761184,5.275,5.122
48.605499,254.250639,5.233,5.114
49.035529,256.7401395,5.190,5.106
49.464636,259.229685,5.148,5.098
49.892859,261.719273,5.106,5.090
50.320236,264.208903,5.064,5.082
50.746808,266.698573,5.021,5.075
51.172611,269.188282,4.979,5.067
51.597686,271.6780285,4.937,5.059
52.02207,274.167811,4.910,5.058
52.445803,276.657628,4.896,5.063
52.868924,279.147479,4.883,5.067
53.291471,281.6373615,4.876,5.055
53.713483,284.1272745,4.868,5.043
54.134999,286.6172165,4.861,5.030
54.556058,289.1071865,4.853,5.018
54.976698,291.597183,4.845,5.006
55.396959,294.0872045,4.838,4.993
55.816878,296.5772495,4.830,4.981
56.236496,299.067317,4.823,4.969
56.65585,301.5574055,4.815,4.956
57.07498,304.047513,4.808,4.944
57.493924,306.5376385,4.800,4.932
57.912721,309.027781,4.792,4.919
58.33141,311.517939,4.785,4.907
58.75003,314.0081105,4.777,4.895
59.168619,316.4982945,4.770,4.882
59.587216,318.98849,4.762,4.870
60.005861,321.478695,4.755,4.858
60.424591,323.9689085,4.747,4.846
60.843446,326.459129,4.739,4.833
61.262465,328.9493555,4.732,4.821
61.681686,331.4395855,4.724,4.809
62.101148,333.929819,4.717,4.796
62.52089,336.4200535,4.709,4.784
62.94095,338.910288,4.702,4.772
63.361368,341.4005215,4.694,4.759
63.782182,343.890752,4.686,4.747
64.203432,346.3809785,4.679,4.735
64.625155,348.8711995,4.671,4.722
65.047391,351.361414,4.664,4.710
65.470178,353.85162,4.656,4.698
65.893556,356.341816,4.649,4.685
66.317563,358.8320015,4.641,4.673
66.742237,361.322174,4.633,4.661
67.167592,363.8123325,4.626,4.648
67.593578,366.3024735,4.618,4.636
68.020133,368.7925925,4.611,4.624
68.447198,371.282687,4.603,4.611
68.87471,373.7727525,4.596,4.599
69.302611,376.2627855,4.588,4.587
69.730839,378.7527825,4.580,4.574
70.159335,381.24274,4.573,4.562
70.588036,383.7326545,4.565,4.550
71.016883,386.2225215,4.558,4.538
71.445816,388.7123385,4.550,4.525
71.874773,391.202101,4.543,4.513
72.303695,393.691806,4.535,4.501
72.73252,396.1814495,4.527,4.488
73.161188,398.6710275,4.520,4.476
73.589639,401.160537,4.512,4.464
74.017812,403.6499745,4.505,4.451
74.445646,406.1393355,4.497,4.439
74.873081,408.628617,4.490,4.427
75.300056,411.1178155,4.482,4.414
75.726512,413.606927,4.474,4.402
76.152386,416.095948,4.467,4.390
76.577619,418.5848745,4.459,4.377
77.002151,421.0737035,4.452,4.365
77.42592,423.5624305,4.444,4.353
77.848866,426.051053,4.437,4.340
78.270929,428.5395665,4.429,4.328
78.692047,431.027968,4.421,4.316
79.112161,433.516253,4.414,4.303
79.53121,436.0044185,4.406,4.291
79.949134,438.4924605,4.399,4.279
80.365871,440.980376,4.391,4.266
80.781362,443.468161,4.384,4.254
81.195545,445.9558115,4.376,4.242
81.60836,448.443324,4.368,4.230
82.019747,450.9306955,4.361,4.217
82.429611,453.4205825,4.353,4.205
82.837563,455.9387525,4.346,4.193
83.248443,458.5201615,4.338,4.180
83.954388,461.056314,4.161,4.319
85.673515,463.225872,4.026,4.819
88.974744,464.7127685,4.101,4.609
93.551119,465.337136,4.131,4.098
98.643056,465.2273585,4.615,4.208
103.764977,464.7420395,4.580,4.102
108.763165,464.3139125,4.545,3.995
113.599154,464.2956225,4.495,3.935
118.321793,464.970122,4.465,4.343
122.73869,466.445433,4.458,4.457
126.073556,468.415473,4.392,4.425
127.802866,470.599361,4.755,4.338
128.208494,472.920836,4.822,3.908
127.68945,475.333394,4.735,3.994
126.64474,477.7905325,4.444,4.146
125.44179,480.249582,4.283,4.296
124.202155,482.697713,4.296,4.435
122.93212,485.1360835,4.288,4.437
121.63731,487.565934,4.279,4.440
120.32335,489.988503,4.271,4.443
118.995865,492.405031,4.263,4.445
117.66048,494.816757,4.255,4.448
116.32282,497.22492,4.247,4.451
114.988509,499.6307605,4.239,4.453
113.663172,502.0355175,4.231,4.456
112.352435,504.44043,4.223,4.459
111.061923,506.846738,4.215,4.461
109.797259,509.2556805,4.206,4.464
108.564069,511.6684975,4.198,4.467
107.367978,514.0864285,4.190,4.469
106.21461,516.5107125,4.189,4.476
105.109591,518.9425895,4.193,4.485
104.058546,521.3832985,4.196,4.494
103.067064,523.8338895,4.200,4.503
102.140467,526.2939155,4.213,4.497
101.283945,528.7622155,4.256,4.446
100.50269,531.2376255,4.300,4.394
99.801893,533.7189825,4.343,4.342
99.186744,536.2051215,4.345,4.364
98.662434,538.6948785,4.327,4.419
98.234154,541.187089,4.309,4.474
97.907094,543.68059,4.291,4.529
97.685976,546.174256,4.270,4.582
97.567796,548.667613,4.248,4.634
97.543237,551.1607185,4.226,4.686
97.602796,553.653645,4.204,4.738
97.736969,556.146465,4.182,4.790
97.936252,558.639252,4.179,4.779
98.191144,561.132078,4.178,4.767
98.49214,563.625017,4.177,4.754
98.829737,566.1181405,4.175,4.742
99.194475,568.6115205,4.174,4.729
99.578841,571.105145,4.173,4.716
99.978026,573.598886,4.171,4.704
100.387417,576.092609,4.170,4.691
100.802406,578.5861775,4.168,4.679
101.21838,581.079456,4.167,4.666
101.630728,583.572309,4.166,4.653
102.034841,586.064601,4.164,4.641
102.426108,588.556196,4.163,4.628
102.799925,591.046959,4.161,4.616
103.154372,593.536864,4.160,4.603
103.49399,596.0261475,4.159,4.590
103.824277,598.5150855,4.157,4.578
104.150729,601.003954,4.156,4.565
104.478846,603.493029,4.154,4.553
104.814123,605.982586,4.153,4.540
105.162058,608.472901,4.152,4.527
105.528148,610.96425,4.150,4.515
105.917889,613.456897,4.149,4.502
106.336695,615.9505585,4.147,4.490
106.789863,618.444182,4.146,4.477
107.282683,620.936656,4.145,4.464
107.820445,623.42687,4.152,4.518
108.408438,625.913713,4.168,4.641
109.051951,628.396074,4.169,4.692
109.756275,630.872842,4.149,4.652
110.526698,633.342906,4.130,4.611
111.36851,635.8051555,4.111,4.571
112.287,638.2584795,4.091,4.530
113.287459,640.701767,4.072,4.489
114.375175,643.1339065,4.131,4.446
115.555438,645.5537885,4.200,4.402
116.833538,647.960301,4.269,4.358
118.214763,650.352333,4.281,4.400
119.704404,652.7287745,4.271,4.476
121.30775,655.0885135,4.261,4.553
123.029936,657.4304585,4.250,4.629
124.868634,659.7544065,4.245,4.644
126.810907,662.061419,4.243,4.601
128.843008,664.352656,4.242,4.558
130.95119,666.629275,4.240,4.515
133.121705,668.892436,4.238,4.471
135.340807,671.143297,4.237,4.428
137.594747,673.3830175,4.245,4.465
139.869779,675.6127555,4.254,4.505
142.15219,677.8336655,4.263,4.545
144.440598,680.045094,4.272,4.584
146.764125,682.241917,4.281,4.624
149.156528,684.418333,4.261,4.668
151.651567,686.568538,4.228,4.713
154.279244,688.6871965,4.195,4.758
157.038207,690.772869,4.163,4.803
159.911501,692.8260565,4.130,4.848
162.882058,694.8472725,4.193,4.810
165.932929,696.8370295,4.336,4.700
169.053152,698.795764,4.480,4.591
172.240374,700.7238005,4.624,4.482
175.492908,702.6214555,4.625,4.472
178.80907,704.489046,4.559,4.510
182.187173,706.3268885,4.493,4.547
185.625531,708.1352995,4.427,4.585
189.12246,709.914595,4.387,4.601
192.676272,711.6650925,4.351,4.615
196.285283,713.3871075,4.314,4.628
199.947807,715.0809575,4.284,4.640
203.662157,716.7469585,4.306,4.644
207.426649,718.385427,4.328,4.648
211.239596,719.9966795,4.351,4.652
215.099314,721.581033,4.351,4.653
219.004115,723.1388035,4.331,4.650
222.952314,724.670308,4.311,4.648
226.942226,726.175863,4.291,4.645
230.972165,727.655785,4.305,4.573
235.040621,729.1102315,4.366,4.404
239.146885,730.5386405,4.427,4.235
243.290473,731.940243,4.488,4.066
247.470905,733.3142715,4.413,4.186
251.687698,734.6599585,4.283,4.421
255.940369,735.976535,4.154,4.657
260.228437,737.263233,4.057,4.837
264.55142,738.5192855,4.134,4.718
268.908836,739.7439235,4.211,4.599
273.300201,740.9363795,4.289,4.479
277.725036,742.095885,4.366,4.360
282.182856,743.2216725,4.426,4.260
286.67318,744.3129735,4.317,4.348
291.195527,745.36902,4.208,4.436
295.749413,746.3890445,4.099,4.524
300.334357,747.3722785,3.990,4.612
304.949877,748.317954,3.881,4.700
309.59549,749.2253035,3.771,4.788
314.270446,750.094074,3.764,4.793
318.972749,750.9263965,3.874,4.701
323.700046,751.7250875,3.984,4.610
328.449985,752.4929645,4.095,4.519
333.220211,753.232844,4.205,4.427
338.008373,753.947544,4.308,4.341
342.812116,754.639881,4.313,4.326
347.629088,755.3126725,4.318,4.312
352.456935,755.968736,4.322,4.297
357.293475,756.610576,4.327,4.283
362.138,757.237992,4.322,4.283
366.990565,757.8493885,4.286,4.324
371.851228,758.4431605,4.251,4.366
376.72005,759.017702,4.216,4.407
381.597091,759.5714065,4.180,4.449
386.482409,760.1026685,4.290,4.537
391.376066,760.6098825,4.403,4.626
396.27812,761.0914425,4.516,4.715
401.188557,761.546166,4.630,4.804
406.10702,761.974852,4.743,4.893
411.033051,762.378879,4.681,4.881
415.966193,762.759624,4.584,4.850
420.905985,763.118465,4.488,4.818
425.851972,763.4567795,4.392,4.787
430.803694,763.7759445,4.295,4.756
435.760694,764.0773385,4.199,4.724
440.722514,764.362339,4.103,4.693
445.688695,764.6323235,4.030,4.666
450.65878,764.8886695,4.045,4.656
455.63231,765.1327545,4.059,4.647
460.608828,765.365957,4.074,4.637
465.587875,765.5896535,4.088,4.628
470.568993,765.8052225,4.103,4.618
475.551725,766.0140415,4.117,4.609
480.535612,766.2174875,4.132,4.599
485.520196,766.416939,4.146,4.590
490.505076,766.613626,4.161,4.580
495.490112,766.8080835,4.175,4.570
500.475246,767.0006385,4.190,4.561
505.460418,767.191619,4.205,4.551
510.445568,767.3813535,4.219,4.542
515.430638,767.5701695,4.234,4.532
520.415566,767.758395,4.248,4.523
525.400295,767.946358,4.263,4.513
530.384764,768.134386,4.277,4.504
535.368914,768.3228075,4.292,4.494
540.352685,768.5119495,4.306,4.484
545.336018,768.702141,4.321,4.475
550.318852,768.893709,4.335,4.465
555.30113,769.086982,4.350,4.456
560.282791,769.2822875,4.364,4.446
565.263775,769.479954,4.379,4.437
570.244023,769.6803085,4.393,4.427
575.223475,769.8836795,4.408,4.418
580.202079,770.0903705,4.423,4.408
585.179894,770.3002165,4.437,4.398
590.157085,770.51263,4.452,4.389
595.133822,770.727007,4.466,4.379
600.110271,770.942744,4.481,4.370
605.086602,771.1592375,4.476,4.375
610.062983,771.375884,4.447,4.398
615.039582,771.59208,4.419,4.421
620.016568,771.8072215,4.391,4.444
624.994108,772.020706,4.363,4.467
629.972372,772.231929,4.335,4.490
634.951527,772.4402875,4.307,4.513
639.931742,772.645178,4.278,4.535
644.913186,772.8459965,4.250,4.558
649.896026,773.04214,4.222,4.581
654.880431,773.233005,4.194,4.604
659.86657,773.4179875,4.166,4.627
664.85461,773.596484,4.138,4.650
669.844707,773.7679155,4.110,4.673
674.836749,773.932174,4.081,4.696
679.830381,774.089584,4.053,4.718
684.825237,774.2404875,4.052,4.752
689.820954,774.385225,4.196,4.843
694.817167,774.5241375,4.341,4.934
699.813511,774.6575655,4.485,5.024
704.809622,774.78585,4.629,5.115
709.805135,774.9093325,4.774,5.206
714.799686,775.0283535,4.918,5.297
719.79291,775.143254,5.062,5.387
724.784443,775.254375,5.207,5.478
729.77392,775.3620575,5.351,5.569
734.760977,775.466642,5.495,5.660
739.745248,775.56847,5.639,5.751
744.726371,775.667882,5.784,5.841
749.703979,775.7652195,5.928,5.932
754.677708,775.860823,6.072,6.023
759.64732,775.955075,6.217,6.114
764.615103,776.0491995,6.289,6.132
769.585692,776.145202,6.095,5.886
774.563812,776.2451155,5.901,5.639
779.554184,776.3509745,5.707,5.393
784.561534,776.4648135,5.513,5.147
789.590584,776.588666,5.319,4.900
794.646058,776.724567,5.125,4.654
799.73268,776.8745495,4.931,4.407
804.853942,777.041436,4.737,4.161
809.935595,777.2778185,4.543,3.914
814.78059,777.7149015,4.626,3.690
819.181039,778.490829,4.624,3.732
822.929059,779.743744,4.366,3.744
825.868623,781.5681515,4.335,4.159
828.100688,783.8423275,4.012,4.326
829.805661,786.3776955,4.006,4.263
831.163971,788.9856605,4.145,4.169
832.362668,791.4832495,4.284,4.075
833.7211,793.799883,4.424,3.981
835.680556,795.968536,3.944,4.546
838.596091,797.922317,4.107,4.543
842.513107,799.3556235,3.866,4.674
847.138511,800.1540905,4.214,4.308
852.140074,800.5131215,4.541,3.994
857.215666,800.7557305,4.506,4.114
862.198736,801.0744005,4.472,4.234
867.125972,801.463579,4.412,4.342
872.030971,801.907973,4.330,4.439
876.917365,802.4022645,4.248,4.536
881.786309,802.9419575,4.291,4.514
886.638958,803.522558,4.425,4.406
891.476467,804.139571,4.558,4.297
896.299992,804.788502,4.691,4.189
901.110687,805.4648555,4.739,4.148
905.909708,806.164137,4.690,4.181
910.698209,806.8818535,4.642,4.214
915.477237,807.614349,4.594,4.247
920.247548,808.360171,4.548,4.278
925.009854,809.1182255,4.541,4.288
929.764866,809.887418,4.534,4.298
934.513295,810.6666535,4.527,4.308
939.255852,811.4548385,4.520,4.317
943.993248,812.2508775,4.514,4.327
948.726195,813.0536775,4.507,4.337
953.455402,813.8621435,4.500,4.347
958.181581,814.6751805,4.493,4.357
962.905443,815.491695,4.486,4.366
967.6277,816.3105925,4.479,4.376
972.349061,817.130778,4.473,4.386
977.070239,817.9511575,4.466,4.396
981.791944,818.770637,4.459,4.405
986.514887,819.5881215,4.452,4.415
991.23978,820.402517,4.445,4.425
995.967332,821.2127295,4.438,4.435
1000.698015,822.018045,4.432,4.444
1005.431656,822.8187615,4.425,4.454
1010.167979,823.615343,4.418,4.464
1014.906706,824.4082555,4.411,4.474
1019.64756,825.197963,4.404,4.484
1024.390264,825.984931,4.398,4.493
1029.134541,826.769624,4.391,4.503
1033.880113,827.5525075,4.393,4.527
1038.626703,828.334046,4.403,4.560
1043.374034,829.1147045,4.412,4.593
1048.121829,829.8949475,4.421,4.626
1052.869811,830.6752405,4.430,4.660
1057.617702,831.4560485,4.439,4.693
1062.365225,832.237836,4.449,4.726
1067.112103,833.021068,4.458,4.759
1071.858059,833.806209,4.467,4.792
1076.602815,834.593725,4.476,4.826
1081.346095,835.3840785,4.485,4.859
1086.087992,836.177027,4.495,4.892
1090.829599,836.9704125,4.504,4.925
1095.572177,837.761756,4.513,4.958
1100.316988,838.5485795,4.522,4.992
1105.065291,839.328405,4.531,5.025
1109.818349,840.098753,4.541,5.058
1114.577422,840.857146,4.550,5.091
1119.343771,841.6011055,4.559,5.124
1124.118658,842.3281525,4.568,5.158
1128.905222,843.031183,4.574,5.181
1133.715897,843.680225,4.444,4.784
1138.565984,844.238253,4.313,4.387
1143.470782,844.6682395,4.309,4.391
1148.444145,844.934114,4.325,4.462
1153.4708,845.019077,4.267,4.496
1158.508484,844.9241875,4.164,4.508
1163.513912,844.6511795,4.061,4.520
1168.443812,844.2017885,4.198,4.655
1173.26327,843.579004,4.336,4.791
1177.960137,842.7892345,4.375,4.734
1182.526103,841.839465,4.346,4.542
1186.95286,840.736681,4.320,4.415
1191.232099,839.487866,4.309,4.587
1195.355513,838.1000065,4.304,4.732
1199.314792,836.5800865,4.326,4.760
1203.101629,834.9350915,4.348,4.789
1206.707713,833.1720055,4.314,4.682
1210.117343,831.297643,4.277,4.566
1213.278297,829.317969,4.540,4.287
1216.127095,827.238688,4.671,4.118
1218.600257,825.065505,4.561,4.149
1220.634366,822.8041285,4.377,4.272
1222.206133,820.463364,4.179,4.411
1223.40128,818.0604235,4.037,4.575
1224.323867,815.6139355,3.895,4.740
1225.07795,813.1425265,3.850,4.804
1225.76098,810.6636165,3.957,4.709
1226.409092,808.1834205,4.063,4.615
1227.025167,805.702076,4.095,4.589
1227.611755,803.2196605,4.105,4.584
1228.171405,800.7362505,4.116,4.578
1228.706669,798.251924,4.126,4.572
1229.220096,795.7667575,4.136,4.566
1229.714236,793.2808295,4.146,4.560
1230.191639,790.794216,4.157,4.554
1230.654857,788.306995,4.167,4.549
1231.106438,785.8192435,4.177,4.543
1231.548933,783.3310385,4.187,4.537
1231.984892,780.842458,4.198,4.531
1232.416866,778.3535785,4.208,4.525
1232.847404,775.8644775,4.218,4.519
1233.279056,773.3752325,4.229,4.513
1233.714374,770.8859205,4.239,4.508
1234.155906,768.396619,4.249,4.502
1234.605974,765.907401,4.259,4.496
1235.064725,763.4183005,4.270,4.490
1235.531117,760.92933,4.280,4.484
1236.004092,758.440502,4.290,4.478
1236.482594,755.9518295,4.301,4.473
1236.965567,753.463324,4.311,4.467
1237.451954,750.9749985,4.321,4.461
1237.940698,748.4868655,4.331,4.455
1238.430743,745.998937,4.334,4.451
1238.921033,743.5112255,4.337,4.446
1239.41051,741.0237435,4.340,4.442
1239.89812,738.5365035,4.342,4.438
1240.382803,736.049518,4.345,4.434
1240.863506,733.562799,4.348,4.429
1241.33917,731.076359,4.350,4.425
1241.80874,728.590211,4.353,4.421
1242.271158,726.104367,4.356,4.417
1242.725369,723.618839,4.358,4.412
1243.170632,721.1336085,4.361,4.408
1243.609239,718.648358,4.364,4.404
1244.04517,716.162603,4.366,4.399
1244.482425,713.6758565,4.369,4.395
1244.925003,711.187632,4.372,4.391
1245.376903,708.6974445,4.374,4.387
1245.842125,706.204806,4.377,4.382
1246.324667,703.709231,4.380,4.378
1246.828529,701.2102335,4.382,4.374
1247.353763,698.707567,4.385,4.370
1247.817118,696.206067,4.388,4.365
1248.056003,693.7154075,4.313,4.400
1247.904671,691.2454555,4.218,4.447
1247.197438,688.8060885,4.137,4.571
1245.820199,686.41689,4.218,4.488
1243.803901,684.124733,4.437,4.219
1241.204801,681.981253,4.141,4.553
1238.079153,680.038085,4.001,4.671
1234.486442,678.3397035,4.204,4.249
1230.516691,676.86286,4.168,4.068
1226.276742,675.5470065,4.157,3.984
1221.873612,674.331207,4.170,3.987
1217.414319,673.154525,4.182,3.990
1212.989777,671.964928,4.195,3.993
1208.610224,670.7549975,4.207,3.996
1204.26068,669.5312585,4.220,3.999
1199.926159,668.300241,4.233,4.002
1195.592052,667.068313,4.245,4.005
1191.251542,665.8385125,4.258,4.008
1186.905132,664.610752,4.271,4.011
1182.553612,663.3848205,4.283,4.014
1178.197769,662.1605085,4.296,4.017
1173.838389,660.937606,4.308,4.020
1169.476262,659.7159035,4.321,4.023
1165.112174,658.49519,4.334,4.027
1160.746914,657.275256,4.346,4.030
1156.381264,656.055893,4.359,4.033
1152.015735,654.8369415,4.372,4.036
1147.650399,653.6183245,4.384,4.039
1143.285288,652.3999705,4.397,4.042
1138.920435,651.18181,4.410,4.045
1134.555872,649.963772,4.422,4.048
1130.191634,648.7457855,4.435,4.051
1125.827751,647.527781,4.447,4.054
1121.464257,646.3096875,4.460,4.057
1117.101184,645.0914345,4.473,4.060
1112.738566,643.8729515,4.485,4.063
1108.376434,642.6541675,4.498,4.066
1104.014822,641.435013,4.511,4.069
1099.653762,640.215417,4.523,4.073
1095.293287,638.995309,4.536,4.076
1090.93343,637.774618,4.548,4.079
1086.574223,636.553274,4.561,4.082
1082.215698,635.331207,4.574,4.085
1077.857889,634.1083465,4.586,4.088
1073.500754,632.8847075,4.599,4.091
1069.144141,631.6604395,4.612,4.094
1064.787883,630.4357035,4.624,4.097
1060.431817,629.2106615,4.637,4.100
1056.075777,627.9854755,4.650,4.103
1051.719598,626.760307,4.662,4.106
1047.363115,625.5353175,4.675,4.109
1043.006164,624.310669,4.687,4.112
1038.648579,623.086523,4.700,4.115
1034.290197,621.8630415,4.713,4.119
1029.93085,620.640386,4.725,4.122
1025.570376,619.4187185,4.738,4.125
1021.208609,618.1982,4.751,4.128
1016.845384,616.978993,4.763,4.131
1012.480536,615.761259,4.776,4.134
1008.113901,614.5451595,4.788,4.137
1003.745313,613.330856,4.801,4.140
999.374607,612.118511,4.814,4.143
995.001782,610.908143,4.826,4.146
990.62768,609.6990265,4.839,4.149
986.253421,608.490194,4.852,4.152
981.880125,607.2806775,4.864,4.155
977.508911,606.0695085,4.877,4.158
973.1409,604.85572,4.890,4.161
968.777211,603.638343,4.902,4.164
964.418962,602.4164105,4.915,4.168
960.067275,601.188954,4.927,4.171
955.723269,599.955006,4.940,4.174
951.388062,598.713598,4.953,4.177
947.062776,597.4637625,4.965,4.180
942.748529,596.2045315,4.978,4.183
938.446441,594.934937,4.991,4.186
934.157632,593.654011,5.003,4.189
929.883221,592.3607855,4.916,4.150
925.624328,591.054293,4.801,4.099
921.382073,589.733565,4.686,4.047
917.157642,588.3976735,4.571,3.996
912.952578,587.0458985,4.456,3.945
908.768539,585.67759,4.341,3.894
904.607185,584.292097,4.226,3.842
900.470176,582.88877,4.111,3.791
896.359171,581.4669575,3.995,3.740
892.275828,580.0260095,4.001,3.727
888.221809,578.565276,4.089,3.739
884.198771,577.0841055,4.176,3.751
880.208169,575.5819625,4.264,3.763
876.249355,574.0594685,4.352,3.775
872.32046,572.5179195,4.439,3.787
868.419598,570.958621,4.527,3.799
864.544886,569.382878,4.614,3.812
860.694437,567.7919955,4.610,3.821
856.866367,566.1872795,4.509,3.827
853.05879,564.570034,4.408,3.833
849.269822,562.9415645,4.307,3.838
845.497563,561.30318,4.205,3.844
841.739819,559.6562635,4.104,3.850
837.994094,558.002276,4.003,3.856
834.257881,556.3426795,3.902,3.862
830.528675,554.678937,3.801,3.868
826.803967,553.012512,3.700,3.874
823.081252,551.3448665,3.637,3.879
819.358022,549.677464,3.644,3.881
815.631771,548.011767,3.652,3.883
811.900007,546.34923,3.659,3.886
808.161424,544.6906175,3.667,3.888
804.416733,543.0355235,3.675,3.891
800.666835,541.3834305,3.682,3.893
796.912635,539.7338185,3.690,3.895
793.155037,538.0861685,3.697,3.898
789.394945,536.4399625,3.705,3.900
785.633262,534.7946805,3.713,3.902
781.870892,533.1498045,3.720,3.905
778.10872,531.504826,3.728,3.907
774.347188,529.8594915,3.735,3.910
770.586288,528.2138045,3.743,3.912
766.825994,526.567778,3.751,3.914
763.066281,524.9214275,3.758,3.917
759.307123,523.2747665,3.766,3.919
755.548493,521.627809,3.773,3.921
751.790365,519.98057,3.781,3.924
748.032713,518.333063,3.789,3.926
744.275511,516.6853025,3.796,3.929
740.518733,515.037303,3.804,3.931
736.762353,513.389078,3.811,3.933
733.006345,511.7406425,3.819,3.936
729.250683,510.09201,3.827,3.938
725.495341,508.443195,3.834,3.940
721.740292,506.794212,3.842,3.943
717.98551,505.145075,3.849,3.945
714.23097,503.495798,3.857,3.948
710.476645,501.846395,3.865,3.950
706.72251,500.196881,3.872,3.952
702.968538,498.54727,3.880,3.955
699.214703,496.8975755,3.887,3.957
695.460979,495.2478125,3.895,3.959
691.70734,493.597995,3.903,3.962
687.953759,491.948137,3.910,3.964
684.200212,490.298253,3.918,3.967
680.446671,488.648357,3.925,3.969
676.693111,486.998463,3.933,3.971
672.939506,485.348586,3.941,3.974
669.185829,483.698739,3.948,3.976
665.432054,482.0489375,3.956,3.978
661.678156,480.399195,3.963,3.981
657.924108,478.7495255,3.971,3.983
654.169884,477.099944,3.979,3.986
650.415458,475.450464,3.986,3.988
646.660805,473.8010995,3.994,3.990
642.905898,472.1518655,4.001,3.993
639.150735,470.5027635,4.009,3.995
635.395338,468.853786,4.017,3.997
631.639728,467.204923,4.024,4.000
627.883928,465.5561665,4.032,4.002
624.127959,463.9075065,4.039,4.005
620.371844,462.2589345,4.047,4.007
616.615604,460.610442,4.055,4.009
612.859262,458.962019,4.062,4.012
609.102839,457.313657,4.070,4.014
605.346358,455.665347,4.077,4.016
601.589841,454.01708,4.085,4.019
597.83331,452.368847,4.093,4.021
594.076787,450.7206385,4.100,4.024
590.320294,449.072446,4.108,4.026
586.563852,447.4242605,4.115,4.028
582.807485,445.7760725,4.123,4.031
579.051213,444.1278735,4.131,4.033
575.29506,442.4796545,4.138,4.035
571.539042,440.831406,4.146,4.038
567.783159,439.1831195,4.153,4.040
564.02741,437.534786,4.161,4.043
560.271792,435.8863965,4.169,4.045
556.516303,434.2379425,4.176,4.047
552.760941,432.5894145,4.184,4.050
549.005702,430.940804,4.191,4.052
545.250585,429.2921025,4.199,4.054
541.495588,427.6433,4.207,4.057
537.740708,425.9943885,4.214,4.059
533.985942,424.345359,4.222,4.062
530.231289,422.696202,4.229,4.064
526.476746,421.0469095,4.237,4.066
522.722311,419.397472,4.245,4.069
518.967982,417.747881,4.252,4.071
515.213755,416.098127,4.260,4.073
511.459629,414.448202,4.267,4.076
507.705601,412.798096,4.275,4.078
503.951659,411.147817,4.283,4.081
500.197755,409.49742,4.290,4.083
496.443835,407.8469715,4.298,4.085
492.689846,406.1965375,4.306,4.088
488.935733,404.546184,4.313,4.090
485.181443,402.8959765,4.321,4.092
481.426922,401.245982,4.328,4.095
477.672116,399.596266,4.336,4.097
473.916971,397.946894,4.344,4.100
470.161433,396.2979325,4.351,4.102
466.405448,394.6494475,4.359,4.104
462.648963,393.001505,4.366,4.107
458.891923,391.3541705,4.374,4.109
455.134275,389.7075105,4.382,4.111
451.375964,388.061591,4.389,4.114
447.616938,386.416478,4.397,4.116
443.857141,384.772237,4.404,4.119
440.096521,383.1289345,4.412,4.121
436.335355,381.4863135,4.420,4.123
432.57499,379.8430795,4.427,4.126
428.816989,378.1977275,4.435,4.128
425.062912,376.5487545,4.442,4.130
421.314321,374.8946555,4.450,4.133
417.57278,373.233927,4.458,4.135
413.839848,371.565065,4.465,4.138
410.117089,369.8865655,4.473,4.140
406.406064,368.196924,4.477,4.150
402.74962,366.480755,4.465,4.211
399.435419,364.6403555,4.382,4.249
396.83451,362.552261,4.384,4.205
395.14486,360.2117505,4.654,3.988
394.371344,357.7410675,4.451,4.110
394.362773,355.229255,4.298,4.220
394.812194,352.723294,4.237,4.309
395.448905,350.252121,4.193,4.386
396.141172,347.79385,4.170,4.451
396.801885,345.3238835,4.147,4.516
397.398335,342.8409975,4.124,4.580
397.908602,340.3486025,4.101,4.645
398.310767,337.85011,4.078,4.709
398.58291,335.34893,4.065,4.755
398.70311,332.8484735,4.112,4.680
398.649449,330.352152,4.160,4.606
398.400005,327.863376,4.207,4.531
397.93286,325.385556,4.171,4.435
397.229179,322.922207,4.126,4.336
396.288092,320.4774475,4.115,4.266
395.115209,318.0556135,4.313,4.368
393.716149,315.6610415,4.485,4.470
392.09653,313.2980685,4.368,4.566
390.261973,310.971031,4.252,4.661
388.218094,308.6842655,4.181,4.709
385.970514,306.4421085,4.240,4.621
383.524851,304.248897,4.298,4.532
380.886855,302.109285,4.352,4.483
378.06375,300.0315085,4.399,4.482
375.063691,298.0260555,4.414,4.520
371.894842,296.10345,4.335,4.671
368.565373,294.274216,4.265,4.814
365.081525,292.54557,4.355,4.832
361.438351,290.905507,4.446,4.849
357.626871,289.3350965,4.536,4.867
353.638102,287.8153975,4.632,4.848
349.46746,286.326737,4.735,4.791
345.224132,284.830498,4.837,4.735
341.138478,283.2678895,4.915,4.680
337.446745,281.579138,4.796,4.642
334.385149,279.704481,4.941,4.462
332.102527,277.6079685,4.801,4.625
330.468481,275.3297595,4.645,4.909
329.29695,272.9251825,5.054,5.018
328.401876,270.4495655,5.425,5.131
327.606646,267.9553895,5.777,5.247
326.841116,265.4630535,6.129,5.363
326.102267,262.9727265,6.117,5.348
325.388133,260.4842605,6.087,5.327
324.696749,257.997509,6.057,5.305
324.026146,255.512324,6.027,5.284
323.374359,253.028558,5.997,5.263
322.739421,250.5460635,5.967,5.241
322.119365,248.064694,5.937,5.220
321.512225,245.584301,5.907,5.198
320.916035,243.1047375,5.877,5.177
320.328827,240.625856,5.847,5.156
319.748636,238.1475095,5.817,5.134
319.173494,235.66955,5.787,5.113
318.601435,233.191831,5.757,5.091
318.030493,230.714204,5.727,5.070
317.458701,228.236522,5.697,5.049
316.884092,225.7586375,5.667,5.027
316.30483,223.2804115,5.637,5.006
315.720562,220.801796,5.607,4.984
315.131883,218.3228025,5.577,4.963
314.539404,215.843442,5.547,4.941
313.943736,213.3637275,5.517,4.920
313.345491,210.8836705,5.487,4.899
312.745278,208.4032825,5.457,4.877
312.143709,205.9225765,5.427,4.856
311.541395,203.4415635,5.397,4.834
310.938946,200.9602565,5.367,4.813
310.336974,198.4786665,5.337,4.792
309.736089,195.9968055,5.307,4.770
309.136902,193.514686,5.277,4.749
308.540024,191.03232,5.247,4.727
307.946066,188.549719,5.217,4.706
307.355639,186.066895,5.187,4.685
306.769353,183.5838605,5.157,4.663
306.18782,181.100627,5.127,4.642
305.611612,178.617206,5.097,4.620
305.040849,176.133606,5.066,4.599
304.475361,173.6498315,5.036,4.577
303.91497,171.165888,5.006,4.556
303.359501,168.681781,4.976,4.535
302.808777,166.197516,4.961,4.526
302.262623,163.7130975,4.957,4.528
301.720861,161.2285315,4.953,4.531
301.183316,158.743823,4.949,4.533
300.649812,156.2589775,4.945,4.535
300.120172,153.774,4.940,4.537
299.594219,151.2888955,4.936,4.539
299.071779,148.80367,4.932,4.542
298.552674,146.3183285,4.928,4.544
298.036728,143.832876,4.924,4.546
297.523766,141.347318,4.920,4.548
297.01361,138.8616595,4.916,4.550
296.506084,136.3759065,4.912,4.553
296.001013,133.8900635,4.908,4.555
295.49822,131.404136,4.904,4.557
294.997529,128.9181295,4.900,4.559
294.498763,126.432049,4.896,4.561
294.001746,123.9459,4.892,4.563
293.506303,121.459688,4.888,4.566
293.012257,118.9734175,4.884,4.568
292.519431,116.4870945,4.880,4.570
292.027649,114.0007245,4.876,4.572
291.536736,111.5143115,4.872,4.574
291.046514,109.027862,4.868,4.577
290.556808,106.541381,4.863,4.579
290.067442,104.0548735,4.859,4.581
289.578239,101.5683445,4.855,4.583
289.089022,99.0818,4.851,4.585
288.599616,96.595245,4.847,4.588
288.109845,94.108685,4.843,4.590
287.619532,91.622125,4.839,4.592
287.128501,89.13557,4.835,4.594
286.636643,86.649024,4.831,4.596
286.143973,84.162487,4.827,4.598
285.650522,81.675959,4.823,4.601
285.156318,79.1894395,4.819,4.603
284.661392,76.7029285,4.815,4.605
284.165773,74.2164255,4.811,4.607
283.669492,71.729931,4.807,4.609
283.172578,69.2434445,4.803,4.612
282.675061,66.756966,4.799,4.614
282.176972,64.270495,4.795,4.616
281.678338,61.7840315,4.791,4.618
281.179192,59.297575,4.786,4.620
280.679562,56.811126,4.782,4.623
280.179478,54.3246835,4.778,4.625
279.67897,51.838248,4.774,4.627
279.178068,49.3518195,4.770,4.629
278.676802,46.865397,4.766,4.631
278.175202,44.3789805,4.762,4.633
277.673297,41.8925705,4.758,4.636
277.171117,39.4061665,4.754,4.638
276.668692,36.919768,4.750,4.640
276.166053,34.433375,4.746,4.642
275.663228,31.946987,4.742,4.644
275.160247,29.460605,4.738,4.647
274.657141,26.9742275,4.734,4.649
274.15394,24.487855,4.730,4.651
273.650672,22.0014875,4.726,4.653
273.147369,19.515124,4.722,4.655
272.644059,17.028765,4.718,4.658
272.140773,14.5424105,4.714,4.660
271.63754,12.0560595,4.709,4.662
271.134391,9.5697125,4.705,4.664
270.631354,7.0833695,4.701,4.666
270.128461,4.5970295,4.697,4.668
269.62574,2.110693,4.693,4.671
269.123222,-0.3756405,4.689,4.673
268.620926,-2.861971,4.685,4.675
268.11885,-5.3482985,4.681,4.677
267.616991,-7.8346245,4.677,4.679
267.115344,-10.320948,4.673,4.682
266.613906,-12.8072695,4.670,4.685
266.112673,-15.29359,4.667,4.689
265.611641,-17.7799095,4.664,4.692
265.110806,-20.266228,4.661,4.696
264.610165,-22.752546,4.658,4.700
264.109713,-25.238864,4.654,4.704
263.609447,-27.725182,4.651,4.708
263.109363,-30.2115,4.648,4.712
262.609457,-32.6978195,4.645,4.716
262.109725,-35.1841395,4.642,4.719
261.610164,-37.670461,4.639,4.723
261.110769,-40.156784,4.636,4.727
260.611537,-42.643109,4.633,4.731
260.112463,-45.129436,4.630,4.735
259.613545,-47.615766,4.627,4.739
259.114777,-50.1020985,4.624,4.743
258.616157,-52.588434,4.621,4.746
258.117681,-55.0747735,4.618,4.750
257.619343,-57.5611165,4.615,4.754
257.121142,-60.0474635,4.612,4.758
256.623073,-62.5338145,4.609,4.762
256.125131,-65.0201705,4.606,4.766
255.627314,-67.5065315,4.603,4.770
255.129617,-69.992898,4.600,4.773
254.632037,-72.4792695,4.597,4.777
254.134569,-74.9656475,4.594,4.781
253.637211,-77.452031,4.591,4.785
253.139957,-79.9384215,4.588,4.789
252.642804,-82.4248185,4.585,4.793
252.145749,-84.911223,4.582,4.797
251.648787,-87.3976345,4.579,4.800
251.151915,-89.8840535,4.576,4.804
250.655128,-92.370481,4.573,4.808
250.158424,-94.8569165,4.570,4.812
249.661797,-97.3433605,4.567,4.816
249.165245,-99.8298135,4.564,4.820
248.668763,-102.316276,4.561,4.824
248.172347,-104.8027475,4.558,4.827
247.675995,-107.2892295,4.555,4.831
247.179701,-109.775721,4.552,4.835
246.683462,-112.262223,4.549,4.839
246.187274,-114.748736,4.546,4.843
245.691134,-117.23526,4.543,4.847
245.195037,-119.721795,4.540,4.851
244.69898,-122.208342,4.537,4.854
244.202958,-124.6949005,4.534,4.858
243.706969,-127.1814715,4.531,4.862
243.211007,-129.668055,4.528,4.866
242.71507,-132.1546515,4.525,4.870
242.219153,-134.641261,4.522,4.874
241.723253,-137.127884,4.519,4.878
241.227365,-139.614521,4.516,4.881
240.731487,-142.1011715,4.513,4.885
240.235613,-144.5878365,4.510,4.889
239.739741,-147.0745165,4.507,4.893
239.243865,-149.5612115,4.504,4.897
238.747984,-152.0479215,4.501,4.901
238.252092,-154.534647,4.498,4.905
237.756185,-157.0213885,4.495,4.908
237.260261,-159.508146,4.492,4.912
236.764315,-161.9949205,4.489,4.916
236.268343,-164.481711,4.486,4.920
235.772341,-166.968519,4.483,4.924
235.276306,-169.4553445,4.480,4.928
234.780234,-171.9421875,4.477,4.932
234.284121,-174.429049,4.474,4.935
233.787963,-176.9159285,4.471,4.939
233.291756,-179.4028265,4.468,4.943
232.795229,-181.8897235,4.465,4.947
232.296302,-184.3764685,4.462,4.951
231.792136,-186.862854,4.459,4.955
231.279893,-189.3486725,4.456,4.959
230.756735,-191.833717,4.453,4.963
230.219821,-194.3177795,4.450,4.966
229.666313,-196.800654,4.447,4.970
229.093371,-199.282132,4.444,4.974
228.498157,-201.762007,4.441,4.978
227.874499,-204.2396165,4.475,4.991
227.170778,-206.7080975,4.515,5.007
226.302512,-209.156102,4.586,5.004
225.184492,-211.5721835,4.817,4.907
223.731505,-213.944894,4.950,4.947
221.871206,-216.262764,4.939,5.187
219.619586,-218.5141625,5.139,5.107
217.02973,-220.6873915,5.290,5.060
214.154855,-222.7707525,5.285,5.128
211.047603,-224.7526955,5.281,5.196
207.741155,-226.6267115,5.197,5.342
204.244875,-228.392462,5.108,5.493
200.566673,-230.0499845,4.928,5.578
196.714461,-231.599315,4.742,5.657
192.696149,-233.040492,4.840,5.595
188.519648,-234.373552,4.988,5.507
184.192869,-235.598533,5.137,5.420
179.723724,-236.7154715,5.209,5.373
175.120156,-237.7243625,5.271,5.332
170.395519,-238.618427,5.324,5.281
165.574466,-239.3767305,5.357,5.207
160.683066,-239.9765635,5.369,5.157
155.74739,-240.3952165,5.136,5.396
150.79223,-240.6139785,4.903,5.636
145.833603,-240.641573,4.786,5.759
140.883849,-240.4982385,4.863,5.688
135.95529,-240.2042535,4.940,5.618
131.060158,-239.77971,5.127,5.574
126.207525,-239.2384345,5.338,5.534
121.402618,-238.586634,5.401,5.479
116.650433,-237.830054,5.401,5.416
111.955967,-236.97444,5.401,5.353
107.324215,-236.0255385,5.368,5.331
102.760174,-234.989094,5.291,5.364
98.26884,-233.870853,5.219,5.395
93.855208,-232.676561,5.210,5.417
89.524269,-231.4119565,5.201,5.438
85.280258,-230.0815755,5.155,5.482
81.125822,-228.687443,5.101,5.530
77.063411,-227.2312695,5.047,5.578
73.095476,-225.714766,5.024,5.591
69.224466,-224.1396425,5.096,5.498
65.452833,-222.5076095,5.168,5.405
61.783026,-220.820378,5.240,5.313
58.217496,-219.0796585,5.252,5.305
54.758656,-217.2871665,5.255,5.309
51.407704,-215.444777,5.259,5.313
48.164342,-213.554564,5.157,5.419
45.028178,-211.6186115,5.049,5.530
41.998824,-209.6390055,4.941,5.640
39.075889,-207.617831,4.906,5.632
36.258983,-205.557172,4.886,5.600
33.547717,-203.459115,4.866,5.567
30.9417,-201.325744,4.846,5.535
28.440543,-199.159144,4.826,5.503
26.043855,-196.961401,4.817,5.468
23.751248,-194.734599,4.879,5.419
21.562329,-192.480824,4.941,5.369
19.476711,-190.2021605,5.003,5.319
17.494002,-187.9006935,5.064,5.270
15.613813,-185.578508,5.111,5.231
13.835755,-183.2376895,5.152,5.197
12.159436,-180.8803225,5.193,5.163
10.584433,-178.508476,5.234,5.128
9.109108,-176.123628,5.222,5.134
7.730328,-173.726531,5.175,5.166
6.444866,-171.3178905,5.128,5.197
5.249496,-168.898413,5.082,5.229
4.140991,-166.468805,5.035,5.261
3.116125,-164.029773,4.965,5.364
2.17167,-161.582023,4.892,5.475
1.304401,-159.126262,4.820,5.587
0.51109,-156.6631955,4.864,5.554
-0.211488,-154.19353,4.920,5.508
-0.866561,-151.717972,4.975,5.462
-1.457355,-149.237228,5.031,5.415
-1.987097,-146.752004,5.052,5.383
-2.459013,-144.263007,5.064,5.355
-2.87633,-141.770942,5.077,5.326
-3.242275,-139.276517,5.097,5.304
-3.560073,-136.780437,5.118,5.283
-3.832953,-134.283409,5.138,5.263
-4.064175,-131.7860195,5.169,5.233
-4.257137,-129.2883965,5.231,5.175
-4.415269,-126.7905575,5.294,5.116
-4.542002,-124.2925215,5.356,5.058
-4.640765,-121.794306,5.397,5.053
-4.714989,-119.2959295,5.421,5.091
-4.768104,-116.79741,5.445,5.129
-4.803539,-114.2987655,5.469,5.167
-4.824724,-111.800014,5.493,5.205
-4.835091,-109.3011745,5.517,5.243
-4.838068,-106.8022645,5.541,5.282
-4.837086,-104.3033015,5.565,5.320
-4.835575,-101.804305,5.589,5.358
-4.836965,-99.3052925,5.613,5.396
-4.844686,-96.8062815,5.637,5.434
-4.862167,-94.3072915,5.661,5.472
-4.892841,-91.8083395,5.685,5.510
-4.940135,-89.309444,5.709,5.548
-5.006192,-86.810619,5.733,5.586
-5.088145,-84.3118615,5.757,5.624
-5.181915,-81.8131655,5.781,5.662
-5.283417,-79.314524,5.805,5.700
-5.388572,-76.8159305,5.829,5.738
-5.493297,-74.3173785,5.842,5.769
-5.59351,-71.818861,5.783,5.746
-5.685131,-69.320372,5.723,5.723
-5.764076,-66.8219045,5.663,5.700
-5.826657,-64.3234515,5.603,5.677
-5.872012,-61.825001,5.543,5.654
-5.900523,-59.3265405,5.484,5.631
-5.912576,-56.8280565,5.424,5.608
-5.90856,-54.329536,5.364,5.585
-5.88886,-51.830965,5.304,5.562
-5.853864,-49.332331,5.311,5.577
-5.80396,-46.8336205,5.322,5.593
-5.739533,-44.33482,5.332,5.610
-5.660441,-41.8359455,5.343,5.626
-5.564457,-39.3371255,5.354,5.643
-5.448835,-36.8385155,5.364,5.660
-5.310834,-34.3402735,5.375,5.676
-5.147709,-31.842555,5.386,5.693
-4.956716,-29.3455165,5.405,5.695
-4.735114,-26.849315,5.443,5.668
-4.480158,-24.3541065,5.481,5.640
-4.189105,-21.8600475,5.519,5.613
-3.859838,-19.367268,5.556,5.586
-3.494838,-16.8757045,5.594,5.558
-3.098632,-14.3852065,5.627,5.554
-2.675757,-11.8956225,5.646,5.617
-2.230749,-9.4068025,5.664,5.680
-1.768145,-6.918595,5.683,5.743
-1.292482,-4.43085,5.702,5.806
-0.808296,-1.943416,5.720,5.869
